block_id,period,uncertain,footprint_m2,height_m_3Dmodel,lon,lat,in_force_waiting,draft_sanacija,draft_neuredeno,draft_preobrazba,plan_in_force,draft_UPU17_Mostine,draft_UPU18_Dracevac2,draft_UPU19_Harakovac,kvart_Dracevac,kvart_Bilice,within150m_outside_waiting
747,2011-2017,True,626.0,44.5,16.497782,43.516783,False,False,False,False,False,False,False,False,False,False,True
59,2011-2017,True,903.0,20.0,16.481955,43.516798,False,False,False,False,True,False,False,False,False,False,True
748,2011-2017,False,1349.0,46.2,16.499203,43.516809,False,False,False,False,False,False,False,False,False,False,True
749,2011-2017,False,1352.0,46.8,16.498635,43.517222,False,False,False,False,False,False,False,False,False,False,True
388,2011-2017,True,38.0,3.5,16.488185,43.517294,False,False,False,False,True,False,False,False,False,False,False
529,2011-2017,False,240.0,13.4,16.490808,43.517305,False,False,False,False,True,False,False,False,False,False,False
480,2011-2017,False,250.0,14.2,16.490544,43.51739,False,False,False,False,True,False,False,False,False,False,False
752,2011-2017,False,1134.0,47.2,16.497875,43.517418,False,False,False,False,False,False,False,False,False,False,True
1194,2011-2017,True,52.0,3.6,16.510673,43.517622,False,False,False,False,False,False,False,False,False,False,True
339,2011-2017,True,41.0,2.9,16.487258,43.517884,False,False,False,False,True,False,False,False,False,False,False
957,2011-2017,False,146.0,6.0,16.502299,43.518033,True,True,False,False,False,False,False,False,False,False,False
899,2011-2017,False,161.0,9.0,16.502062,43.518114,True,True,False,False,False,False,False,False,False,False,False
902,2011-2017,True,41.0,3.0,16.501123,43.518362,True,True,False,False,False,False,False,False,False,False,False
1222,2011-2017,False,298.0,5.8,16.507178,43.519027,False,False,False,False,False,False,False,False,False,False,True
127,2011-2017,False,29481.0,30.9,16.484057,43.519149,False,False,False,False,True,False,False,False,False,False,False
353,2011-2017,False,284.0,16.5,16.487553,43.519266,False,False,False,False,True,False,False,False,False,False,True
408,2011-2017,False,449.0,19.3,16.488224,43.519529,False,False,False,False,True,False,False,False,False,False,True
693,2011-2017,True,133.0,3.7,16.495604,43.519826,True,True,False,False,False,False,False,True,False,False,False
409,2011-2017,False,746.0,22.3,16.488513,43.520031,False,False,False,False,True,False,False,False,False,False,True
1155,2011-2017,False,1763.0,5.7,16.506583,43.520168,False,False,False,False,False,False,False,False,False,False,True
1156,2011-2017,False,1732.0,5.9,16.50619,43.520174,False,False,False,False,False,False,False,False,False,False,True
450,2011-2017,False,255.0,13.6,16.48901,43.520275,True,True,False,False,False,True,False,False,False,False,False
135,2011-2017,True,45.0,0.0,16.482509,43.520544,False,False,False,False,True,False,False,False,False,False,True
410,2011-2017,False,212.0,12.1,16.488617,43.520545,True,True,False,False,False,True,False,False,False,False,False
411,2011-2017,True,130.0,11.3,16.488438,43.520729,True,True,False,False,False,True,False,False,False,False,False
764,2011-2017,True,37.0,3.0,16.499088,43.520953,True,True,False,False,False,False,False,True,False,False,False
766,2011-2017,True,111.0,3.7,16.498394,43.521162,True,True,False,False,False,False,False,True,False,False,False
206,2011-2017,True,41.0,3.8,16.483493,43.522459,True,True,False,False,False,True,False,False,False,False,False
26,2011-2017,False,145.0,14.3,16.480354,43.522553,False,False,False,False,False,False,False,False,False,False,True
167,2011-2017,True,61.0,4.0,16.483111,43.522938,True,True,False,False,False,True,False,False,False,False,False
35,2011-2017,True,161.0,9.1,16.480195,43.523019,False,False,False,False,False,False,False,False,False,False,True
103,2011-2017,False,290.0,6.8,16.481254,43.523124,False,False,False,False,True,False,False,False,False,False,True
907,2011-2017,True,43.0,3.1,16.502112,43.523651,True,True,False,False,False,False,True,False,True,False,False
969,2011-2017,True,43.0,3.8,16.502405,43.523748,True,True,False,False,False,False,True,False,True,False,False
1104,2011-2017,False,126.0,7.5,16.504965,43.524299,True,True,False,False,False,False,True,False,True,False,False
610,2011-2017,False,52.0,3.5,16.492804,43.524711,False,False,False,False,True,False,False,False,False,True,False
611,2011-2017,False,185.0,3.2,16.492681,43.524825,False,False,False,False,True,False,False,False,False,True,False
712,2011-2017,True,49.0,2.7,16.494536,43.524983,False,False,False,False,True,False,False,False,False,True,True
263,2011-2017,False,204.0,4.1,16.485561,43.525852,False,False,False,False,True,False,False,False,False,False,True
861,2011-2017,False,161.0,4.5,16.499767,43.525929,False,False,False,False,True,False,False,False,True,False,True
622,2011-2017,False,90.0,3.4,16.492978,43.52596,False,False,False,False,True,False,False,False,False,True,False
925,2011-2017,False,53.0,4.9,16.501401,43.52616,True,True,False,False,False,False,True,False,True,False,False
990,2011-2017,False,62.0,3.3,16.502367,43.526265,True,True,False,False,False,False,True,False,True,False,False
729,2011-2017,False,166.0,6.2,16.494958,43.526652,False,False,False,False,True,False,False,False,False,True,False
109,2011-2017,True,1071.0,4.8,16.4817,43.526732,False,False,False,False,True,False,False,False,False,False,True
632,2011-2017,True,64.0,4.1,16.493119,43.52756,False,False,False,False,True,False,False,False,False,True,False
1001,2011-2017,True,39.0,3.1,16.503102,43.527769,True,True,False,False,False,False,True,False,True,False,False
327,2011-2017,True,44.0,2.0,16.486763,43.528528,False,False,False,False,True,False,False,False,False,False,False
176,2011-2017,False,359.0,5.5,16.482707,43.528582,True,False,False,True,False,False,False,False,False,False,False
218,2011-2017,False,209.0,4.1,16.48341,43.528708,False,False,False,True,True,False,False,False,False,False,True
329,2011-2017,True,86.0,2.7,16.486468,43.528756,False,False,False,False,True,False,False,False,False,False,False
219,2011-2017,False,244.0,4.5,16.483279,43.528791,True,False,False,True,False,False,False,False,False,False,False
220,2011-2017,False,348.0,5.6,16.484151,43.529038,False,False,False,False,True,False,False,False,False,False,True
482,2017-2021,False,177.0,15.1,16.490467,43.517611,False,False,False,False,True,False,False,False,False,False,False
756,2017-2021,False,551.0,19.1,16.499105,43.517887,False,False,False,False,True,False,False,False,False,False,True
846,2017-2021,False,122.0,5.3,16.501002,43.51821,True,True,False,False,False,False,False,False,False,False,False
757,2017-2021,False,542.0,21.0,16.499026,43.518229,False,False,False,False,True,False,False,False,False,False,True
848,2017-2021,False,643.0,20.8,16.499808,43.518231,False,False,False,False,True,False,False,False,False,False,True
230,2017-2021,False,617.0,31.7,16.486069,43.518328,False,False,False,False,True,False,False,False,False,False,False
542,2017-2021,False,267.0,14.5,16.491148,43.518339,False,False,False,False,True,False,False,False,False,False,True
544,2017-2021,False,260.0,14.6,16.491162,43.518592,False,False,False,False,True,False,False,False,False,False,True
547,2017-2021,True,44.0,3.2,16.491956,43.51922,True,False,True,False,False,True,False,False,False,False,False
359,2017-2021,False,946.0,25.4,16.487624,43.520406,False,False,False,False,True,False,False,False,False,False,True
360,2017-2021,False,182.0,13.2,16.487203,43.520996,True,False,True,False,False,True,False,False,False,False,False
502,2017-2021,False,133.0,6.2,16.490413,43.522109,True,False,False,False,False,True,False,False,False,False,False
1095,2017-2021,False,173.0,5.5,16.504927,43.522206,True,False,False,False,False,False,False,True,True,False,False
554,2017-2021,False,2000.0,8.8,16.491193,43.522426,True,True,False,False,False,True,False,False,False,False,False
421,2017-2021,False,71.0,5.7,16.488443,43.522502,True,True,False,False,False,True,False,False,False,False,False
101,2017-2021,False,216.0,3.8,16.481211,43.522666,False,False,False,False,True,False,False,False,False,False,True
504,2017-2021,False,627.0,6.4,16.490125,43.522691,True,True,False,False,False,True,False,False,False,False,False
503,2017-2021,False,312.0,3.8,16.489852,43.522727,True,False,False,False,False,True,False,False,False,False,False
102,2017-2021,False,244.0,5.5,16.481304,43.522811,False,False,False,False,True,False,False,False,False,False,True
246,2017-2021,False,790.0,8.1,16.485533,43.522994,True,True,False,False,False,True,False,False,False,False,False
776,2017-2021,False,120.0,7.7,16.497498,43.523385,True,True,False,False,False,False,False,True,True,False,False
604,2017-2021,False,96.0,3.2,16.492258,43.523452,False,False,False,False,True,False,False,False,False,True,True
777,2017-2021,False,699.0,9.7,16.497877,43.523539,True,True,False,False,False,False,False,True,True,False,False
779,2017-2021,False,58.0,5.0,16.499156,43.523828,False,False,False,False,True,False,False,True,True,False,True
510,2017-2021,False,40.0,4.0,16.489783,43.524135,False,False,False,False,True,False,False,False,False,True,True
710,2017-2021,False,165.0,4.6,16.495678,43.524539,True,True,False,False,False,False,False,True,False,True,False
721,2017-2021,False,112.0,8.1,16.494884,43.525996,False,False,False,False,True,False,False,False,False,True,False
722,2017-2021,True,64.0,4.2,16.495163,43.526148,False,False,False,False,True,False,False,False,False,True,False
216,2017-2021,False,416.0,6.8,16.484083,43.528474,False,False,False,False,True,False,False,False,False,False,True
814,2017-2021,False,160.0,15.0,16.498237,43.529028,False,False,False,False,False,False,False,False,False,False,False
827,2021-2025,False,348.0,2.1,16.499967,43.517042,True,True,False,False,False,False,False,False,False,False,False
832,2021-2025,False,1034.0,2.1,16.500458,43.517372,True,True,False,False,False,False,False,False,False,False,False
538,2021-2025,False,337.0,16.6,16.491462,43.517872,False,False,False,False,True,False,False,False,False,False,False
545,2021-2025,False,262.0,15.6,16.491074,43.518828,False,False,False,False,True,False,False,False,False,False,True
287,2021-2025,False,622.0,29.2,16.486179,43.518872,False,False,False,False,True,False,False,False,False,False,False
231,2021-2025,False,454.0,34.7,16.485873,43.519094,False,False,False,False,True,False,False,False,False,False,False
444,2021-2025,False,371.0,24.1,16.489697,43.519153,False,False,False,False,True,False,False,False,False,False,True
445,2021-2025,False,1067.0,24.4,16.489761,43.519336,False,False,False,False,True,False,False,False,False,False,True
447,2021-2025,False,906.0,0.5,16.489029,43.519803,False,False,False,False,True,False,False,False,False,False,True
700,2021-2025,False,65.0,4.1,16.495169,43.520526,True,False,True,False,False,False,False,True,False,False,False
494,2021-2025,False,178.0,12.8,16.49008,43.520898,True,True,False,False,False,True,False,False,False,False,False
1092,2021-2025,False,107.0,3.7,16.50537,43.52114,True,False,False,False,False,False,False,True,True,False,False
295,2021-2025,False,611.0,5.2,16.486617,43.521526,True,False,True,False,False,True,False,False,False,False,False
460,2021-2025,False,50.0,3.7,16.489619,43.52168,True,False,False,False,False,True,False,False,False,False,False
703,2021-2025,False,685.0,1.2,16.494625,43.522262,True,False,True,False,False,True,False,False,False,False,False
163,2021-2025,False,162.0,13.2,16.483195,43.522483,True,True,False,False,False,True,False,False,False,False,False
975,2021-2025,False,198.0,9.2,16.502823,43.525202,True,False,False,False,False,False,True,False,True,False,False
923,2021-2025,False,82.0,2.3,16.50211,43.525697,True,True,False,False,False,False,True,False,True,False,False
320,2021-2025,False,77.0,4.6,16.486348,43.526617,False,False,False,False,True,False,False,False,False,False,True
1060,2021-2025,True,171.0,3.4,16.503435,43.527217,True,True,False,False,False,False,True,False,True,False,False
590,rebuilt,False,1119.0,4.0,16.492355,43.517659,False,False,False,False,True,False,False,False,False,False,False
357,rebuilt,False,84.0,5.9,16.487282,43.520068,False,False,False,False,True,False,False,False,False,False,True
318,rebuilt,False,119.0,3.6,16.486674,43.526459,False,False,False,False,True,False,False,False,False,False,True
